{"M": {"c": {"1. Accuracy": 0.7329732973297329, "2. 0.8 quantile of confidence accuracy": null, "3. Subset acc/conf": null, "4. Full dataset acc/conf": null, "5. Confidence weighted accuracy": 0.7329732973297329}, "b": {"1. Accuracy": 0.7797779777977798, "2. 0.8 quantile of confidence accuracy": null, "3. Subset acc/conf": null, "4. Full dataset acc/conf": null, "5. Confidence weighted accuracy": 0.7797779777977798}, "a": {"1. Accuracy": 0.9435943594359436, "2. 0.8 quantile of confidence accuracy": null, "3. Subset acc/conf": null, "4. Full dataset acc/conf": null, "5. Confidence weighted accuracy": 0.9435943594359436}}, "M+C": {"c": {"1. Accuracy": 0.7557755775577558, "2. 0.8 quantile of confidence accuracy": 1.0, "3. Subset acc/conf": 1.0023411106088462, "4. Full dataset acc/conf": 1.0021383083190611, "5. Confidence weighted accuracy": 0.7024483570743529}, "b": {"1. Accuracy": 0.783978397839784, "2. 0.8 quantile of confidence accuracy": 0.9940029985007496, "3. Subset acc/conf": 1.0274690831745181, "4. Full dataset acc/conf": 1.0405238740421523, "5. Confidence weighted accuracy": 0.7262887471329511}, "a": {"1. Accuracy": 0.9693969396939695, "2. 0.8 quantile of confidence accuracy": 1.0, "3. Subset acc/conf": 1.0034736592138096, "4. Full dataset acc/conf": 0.996329483453815, "5. Confidence weighted accuracy": 0.9621817789884648}}, "MC": {"c": {"1. Accuracy": 0.7461746174617462, "2. 0.8 quantile of confidence accuracy": 1.0, "3. Subset acc/conf": 0.9824959347155456, "4. Full dataset acc/conf": 1.005260777111629, "5. Confidence weighted accuracy": 0.6944835155424398}, "b": {"1. Accuracy": 0.7881788178817882, "2. 0.8 quantile of confidence accuracy": 0.9850074962518741, "3. Subset acc/conf": 0.9993553134300265, "4. Full dataset acc/conf": 0.9952876724550739, "5. Confidence weighted accuracy": 0.7680869493046717}, "a": {"1. Accuracy": 0.9495949594959496, "2. 0.8 quantile of confidence accuracy": 1.0, "3. Subset acc/conf": 0.9851048140178104, "4. Full dataset acc/conf": 0.9900524573368659, "5. Confidence weighted accuracy": 0.9416072962701124}}, "Mprim": {"c": {"1. Accuracy": 0.7407740774077408, "2. 0.8 quantile of confidence accuracy": 1.0, "3. Subset acc/conf": 0.9623520661783441, "4. Full dataset acc/conf": 0.9695666814258752, "5. Confidence weighted accuracy": 0.7084099310960206}, "b": {"1. Accuracy": 0.9843984398439845, "2. 0.8 quantile of confidence accuracy": 0.9850074962518741, "3. Subset acc/conf": 0.9994746354163669, "4. Full dataset acc/conf": 1.000375164829853, "5. Confidence weighted accuracy": 0.9765878753049789}, "a": {"1. Accuracy": 0.9417941794179417, "2. 0.8 quantile of confidence accuracy": 1.0, "3. Subset acc/conf": 0.9369621352478165, "4. Full dataset acc/conf": 0.9431356412634175, "5. Confidence weighted accuracy": 0.9734403554147835}}}